"protein name","Classification","Status","References"
"p.Val20Ala","Uncertain significance (VOUS)","PROVISIONAL","Yao  QP Yerian  L Shen  B   Publication (Medline Abstract): http://www.ncbi.nlm.nih.gov/pubmed?term=yao%20and%20v20a"
"p.Asp41Glu","Uncertain significance (VOUS)","VALIDATED","D'Osualdo et al.   Publication (Medline Abstract): http://www.ncbi.nlm.nih.gov/pubmed/16508982"
"p.Cys44Tyr","Likely pathogenic","VALIDATED","Witsch-Baumgartner M  Maurer E.   Personal communication"
"p.Tyr49His","Likely pathogenic","VALIDATED","Dodé  C et al   Publication (Medline Abstract): http://www.ncbi.nlm.nih.gov/pubmed/12209523"
"p.Tyr49Asp","Pathogenic","VALIDATED","Stojanov S et al.   Publication (Medline Abstract): http://www.ncbi.nlm.nih.gov/pubmed/15024140"
"p.Tyr49Cys","Likely pathogenic","VALIDATED","Sanjeeva GN Barat M Dumont B Touitou I   Personal communication"
"p.His51Tyr","Pathogenic","VALIDATED","Aksentijevich I   Publication (Medline Abstract): http://www.ncbi.nlm.nih.gov/pubmed/11443543"
"p.His51Arg","Likely pathogenic","VALIDATED","Rowczenio DM  Russell TL  Lachmann HJ  Hawkins PN    Personal communication"
"p.His51Gln","Likely pathogenic","PROVISIONAL","Aganna  E  Hawkins PN  Ozen  S  Pettersson  T  Bybee  A  McKee  SA  Lachmann  HJ  Karenko L  Ranki A  Bakkaloglu A  Besbas N  Topaloglu R  Hoffman HM  Hitman GA  Woo P  and McDermott MF.   Publication (Medline Abstract): http://www.ncbi.nlm.nih.gov/pubmed/15071491"
"p.Asn54Asp","Uncertain significance (VOUS)","PROVISIONAL","Nakamura M   Publication (Medline Abstract): http://www.ncbi.nlm.nih.gov/pubmed/20400394"
"p.Ile57Ser","Uncertain significance (VOUS)","VALIDATED","Rowczenio DM  Trojer H  Lachmann HJ  Hawkins PN    Personal communication"
"p.Cys58Arg","Pathogenic","VALIDATED","Cosan F et al   Publication (Medline Abstract): http://www.ncbi.nlm.nih.gov/pubmed/20532935"
"p.Cys58Gly","Pathogenic","VALIDATED","DeCunto C  Gattorno M  Ceccherini I   Personal communication"
"p.Cys58Phe","Pathogenic","VALIDATED","Simon A   Publication (Medline Abstract): http://www.ncbi.nlm.nih.gov/pubmed/11700162"
"p.Cys58Tyr","Pathogenic","VALIDATED","D'Osualdo  A. and Ceccherini  I.   Personal communication"
"p.Cys58Ser","Pathogenic","VALIDATED","Toplak N et al   Publication (Medline Abstract): http://www.ncbi.nlm.nih.gov/pubmed/22377804"
"p.Cys58Trp","Likely pathogenic","VALIDATED","Isabella Ceccherini   Personal communication"
"p.Cys59Arg","Pathogenic","VALIDATED","Mc Dermott MF et al   Publication (Medline Abstract): http://www.ncbi.nlm.nih.gov/pubmed/10199409"
"p.Cys59Ser","Pathogenic","VALIDATED","Dodé C   Publication (Medline Abstract): http://www.ncbi.nlm.nih.gov/pubmed/10902757"
"p.Cys59Tyr","Pathogenic","VALIDATED","Obici L  Marciano S  Palladini  G  Lavatelli  F  Donadei S  Cigni  A  Satta  A.E  Praderio  L  Tresoldi  M  Merlini G.   Congress abstract:Xth International Symposium on Amyloid and Amyloidosis, Tours, France, April 2004"
"p.Cys59Phe","Pathogenic","VALIDATED","Marcq L  Fabre A  Dumont B  Touitou  I   Personal communication"
"p.Cys62Gly","Pathogenic","VALIDATED","Aksentijevich I   Publication (Medline Abstract): http://www.ncbi.nlm.nih.gov/pubmed/11443543"
"p.Cys62Tyr","Pathogenic","VALIDATED","Mc Dermott et al   Publication (Medline Abstract): http://www.ncbi.nlm.nih.gov/pubmed/10199409"
"p.Gly65Glu","Likely pathogenic","VALIDATED","Aldea A  Arostegui JI  Solis P   Yagüe J   Publication (Medline Abstract): http://www.ncbi.nlm.nih.gov/pubmed/15549379"
"p.Thr66Ile","Likely pathogenic","PROVISIONAL","Aganna et al.   Publication (Medline Abstract): http://www.ncbi.nlm.nih.gov/pubmed/13130484"
"p.Tyr67Cys","Likely pathogenic","VALIDATED","Simon A   Publication (Medline Abstract): http://www.ncbi.nlm.nih.gov/pubmed/11700162"
"p.Tyr67Ser","Likely pathogenic","VALIDATED","Rowczenio  DM  Trojer  H  Lachmann HJ  Hawkins PN   Personal communication"
"p.Leu68Phe","Likely pathogenic","VALIDATED","Monnier  A  Domingo-Rittore  C  Zarouri  S  Touitou  I.   Personal communication"
"p.Asp71Glu","Likely pathogenic","PROVISIONAL","Jéru I  Cochet E  Amselem S   Personal communication"
"p.Cys72Arg","Pathogenic","VALIDATED","Obici L  Palladini G  Marciano S  Massa M  Zoppo M  Merlini G.   Congress abstract:""Third International conference on FMF and hereditary inflammatory disorders, La Grande Motte, France; September 23-27,2002"""
"p.Cys72Gly","Pathogenic","VALIDATED","Rowczenio DM  Wang G  Bybee A  Lachmann HJ  Hawkins PN    Personal communication"
"p.Cys72Tyr","Pathogenic","VALIDATED","Tchernitchko D   Personal communication"
"p.Cys72Ser","Pathogenic","VALIDATED","Siebert  S  Amos  N  Fielding   CA  Wang  ECY  Aksentijevich  I  Williams  BD  Brennan  P   Publication (Medline Abstract): http://www.ncbi.nlm.nih.gov/pubmed/15818692"
"p.Cys72Phe","Pathogenic","VALIDATED","Jéru I  Cochet C  Amselem S   Personal communication"
"p.Pro75Leu","Uncertain significance (VOUS)","VALIDATED","Aksentijevich I   Publication (Medline Abstract): http://www.ncbi.nlm.nih.gov/pubmed/11443543"
"p.Thr79Met","Pathogenic","VALIDATED","Mc Dermott MF et al   Publication (Medline Abstract): http://www.ncbi.nlm.nih.gov/pubmed/10199409"
"p.Thr79Lys","Likely pathogenic","VALIDATED","Aganna E  et al.   Publication (Medline Abstract): http://www.ncbi.nlm.nih.gov/pubmed/13130484"
"p.Cys81Arg","Pathogenic","VALIDATED","Aldea A  Arostegui JI  Campistol JM  Yagüe J   Personal communication"
"p.Cys81Phe","Pathogenic","VALIDATED","Mc Dermott MF et al   Publication (Medline Abstract): http://www.ncbi.nlm.nih.gov/pubmed/10199409"
"p.Cys81Tyr","Pathogenic","VALIDATED","D'Osualdo et al.   Publication (Medline Abstract): http://www.ncbi.nlm.nih.gov/pubmed/16508982"
"p.Cys81Ser","Pathogenic","VALIDATED","Kuemmerle-Deschner JB  Kallinich T  Haug M  Horstmann R  Dannecker  G  Benseler  S.   Congress abstract:C52S Mutation im Exon 3 des TNFRSF 1A Gens bei eineiigen Zwillingen mit TRAPS. J.B. Kuemmerle-Deschner, R. Horstmann, G.E. Dannecker.  AGKJR, Garmisch, Germany 2003"
"p.Cys81Trp","Pathogenic","VALIDATED","Aksentijevich I   Personal communication"
"p.Arg82Gly","Uncertain significance (VOUS)","PROVISIONAL","Gattorno M  Ceccherini I   Personal communication"
"p.Cys84Arg","Pathogenic","VALIDATED","Tchernitchko D   Personal communication"
"p.Cys84Ser","Pathogenic","VALIDATED","Jadoul M   Publication (Medline Abstract): http://www.ncbi.nlm.nih.gov/pubmed/11318938"
"p.Cys84Tyr","Pathogenic","VALIDATED","D'Osualdo et al.   Publication (Medline Abstract): http://www.ncbi.nlm.nih.gov/pubmed/16508982"
"p.Glu85Asp","Likely pathogenic","VALIDATED","Horneff G1  Rhouma A  Weber C  Lohse P   Publication (Medline Abstract): https://www.ncbi.nlm.nih.gov/pubmed/24064022"
"p.Gly87Ser","Likely pathogenic","PROVISIONAL","Jesus AA et al   Publication (Medline Abstract): https://www.ncbi.nlm.nih.gov/pubmed/22566169"
"p.Ser88Pro","Likely pathogenic","VALIDATED","Obici L  Donadei S  Punzi L  Merlini G   Publication (Medline Abstract): http://www.ncbi.nlm.nih.gov/pubmed/25888769"
"p.Phe89Leu","Pathogenic","VALIDATED","Aganna E et al. 2003   Publication (Medline Abstract): http://www.ncbi.nlm.nih.gov/pubmed/13130484"
"p.Phe89Val","Likely pathogenic","VALIDATED","Haas SL  Lohse P  Schmitt WH  Hildenbrand R  Karaorman M  Singer MV  Böcker U    Publication (Medline Abstract): http://www.ncbi.nlm.nih.gov/pubmed/16401480"
"p.Phe89Ser","Likely pathogenic","VALIDATED","Roesler J   Personal communication"
"p.Phe89Leu","Pathogenic","VALIDATED","A. Dinc  H. Erdem  D. Rowczenio  I. Simsek  S. Pay  M. Bahce  H. Lachmann   Publication (Medline Abstract): http://www.ncbi.nlm.nih.gov/pubmed/16299693"
"p.Thr90Pro","Not classified","","Radhakrishnan  SM  Grimm  AE  Broderick  L   Publication (Medline Abstract): https://www.ncbi.nlm.nih.gov/pubmed/?term=28427379"
"p.Thr90Ile","Likely pathogenic","PROVISIONAL","Ida H  Kawasaki E  Miyashita T  Tanaka F  Kamachi M  Izumi Y  Huang M  Tamai M  Origuchi T  Kawakami A  Migita K  Motomura M  Yoshimura T  Eguchi K   Publication (Medline Abstract): http://www.ncbi.nlm.nih.gov/pubmed/15280569"
"p.Thr90Asn","Likely pathogenic","VALIDATED","van Gijn  ME   Personal communication"
"p.Asn94Ile","Pathogenic","VALIDATED","Frenkel J Ploos van Amstel  JK  Lasham  C  Gaiser  N  Rijkers  GT   Congress abstract:FMF2002, La Grande Motte, France, sept 23-27 2002"
"p.Asn94Lys","Likely pathogenic","VALIDATED","Trojer H  Rowczenio DM    Lachmann HJ  Hawkins PN     Personal communication"
"p.His95Tyr","Likely pathogenic","PROVISIONAL","Aksentijevich I   Personal communication"
"p.His95Leu","Likely pathogenic","PROVISIONAL","Rowczenio DM  Trojer  H  Lachmann HJ  Hawkins PN    Personal communication"
"p.His95Pro","Likely pathogenic","PROVISIONAL","Akikusa JD   Personal communication"
"p.Leu96Pro","Likely pathogenic","VALIDATED","Dodé C   Publication (Medline Abstract): http://www.ncbi.nlm.nih.gov/pubmed/12209523"
"p.Cys99Arg","Pathogenic","VALIDATED","Aganna E   Publication (Medline Abstract): http://www.ncbi.nlm.nih.gov/pubmed/11817598"
"p.Cys99Ser","Pathogenic","VALIDATED","Kusuhara K  Nomura A  Nakao F  Hara T   Publication (Medline Abstract): http://www.ncbi.nlm.nih.gov/pubmed/14610673"
"p.Cys99Gly","Pathogenic","VALIDATED","Horiuchi T et al.   Publication (Medline Abstract): http://www.ncbi.nlm.nih.gov/pubmed/15492850"
"p.Cys99Tyr","Pathogenic","VALIDATED","Simon A   Publication (Medline Abstract): http://www.ncbi.nlm.nih.gov/pubmed/11239851"
"p.Cys102Arg","Likely pathogenic","VALIDATED","Stjernberg S  Pettersson T  Karenko L  Pitkänen S  Blazevic V  Peterson P  Ranki A.   Congress abstract:Third International Conference on Familial Mediterranean Fever and Hereditary Inflammatory Disorders, Montpellier, France, 23.-27.09.2002."
"p.Cys102Trp","Likely pathogenic","VALIDATED","Touitou I  Domingo Rittore C  Vougiouka O   Personal communication"
"p.Ser103Cys","Likely pathogenic","VALIDATED","Aksentijevich  I   Personal communication"
"p.Cys105Tyr","Likely pathogenic","VALIDATED","M.E. vanGijn   Personal communication"
"p.Gln111Lys","Uncertain significance (VOUS)","VALIDATED","Overman  L   Personal communication"
"p.Val112Leu","Likely pathogenic","PROVISIONAL","Overman  L   Personal communication"
"p.Val112Met","Likely pathogenic","PROVISIONAL","Rowczenio DM  Trojer H  Lachmann HJ  Hawkins PN    Personal communication"
"p.Ser115Pro","Likely pathogenic","VALIDATED","Aksentijevich I   Publication (Medline Abstract): http://www.ncbi.nlm.nih.gov/pubmed/11443543"
"p.Cys117Arg","Pathogenic","VALIDATED","Mc Dermott MF et al   Publication (Medline Abstract): http://www.ncbi.nlm.nih.gov/pubmed/10199409"
"p.Cys117Tyr","Pathogenic","VALIDATED","Mc Dermott MF et al   Publication (Medline Abstract): http://www.ncbi.nlm.nih.gov/pubmed/10199409"
"p.Cys117Ser","Likely pathogenic","VALIDATED","J. Trübenbach · G. Wildhardt · J. Niebel · H. Hawle · Daniela Steinberger   Publication (Medline Abstract): http://www.ncbi.nlm.nih.gov/pubmed/19547977"
"p.Thr118Ala","Uncertain significance (VOUS)","PROVISIONAL","Saulsbury FT et al.   Publication (Medline Abstract): http://www.ncbi.nlm.nih.gov/pubmed/20346247"
"p.Arg121Trp","Likely pathogenic","PROVISIONAL","Jeru I et al   Publication (Medline Abstract): http://www.ncbi.nlm.nih.gov/pubmed/23894535"
"p.Arg121Pro","Likely pathogenic","VALIDATED","Aganna E   Publication (Medline Abstract): http://www.ncbi.nlm.nih.gov/pubmed/11175303"
"p.Arg121Gln","Uncertain significance (VOUS)","VALIDATED","Aksentijevich I   Publication (Medline Abstract): http://www.ncbi.nlm.nih.gov/pubmed/11443543"
"p.Asp122His","Likely pathogenic","PROVISIONAL","Jesus AA et al   Publication (Medline Abstract): http://www.ncbi.nlm.nih.gov/pubmed/22566169"
"p.Asp122Glu","Uncertain significance (VOUS)","VALIDATED","Marielle Van Gijn   Personal communication"
"p.Val124Met","Likely pathogenic","VALIDATED","Rack A  Stojanov S  Belohradsky BH  Lohse P   Publication (Medline Abstract): http://www.ncbi.nlm.nih.gov/pubmed/16635178"
"p.Cys125Arg","Likely pathogenic","VALIDATED","Pajot C  Sarrabay G  Rittore C  Touitou I   Personal communication"
"p.Cys125Tyr","Pathogenic","VALIDATED","Dodé C   Publication (Medline Abstract): http://www.ncbi.nlm.nih.gov/pubmed/12209523"
"p.Cys125Phe","Pathogenic","VALIDATED","Blanc F Dumont B Philibert L Touitou I   Personal communication"
"p.Cys125Trp","Pathogenic","VALIDATED","Abrawi S  Dumont D  Tachon T  Sarrabay G  Touitou I   Personal communication"
"p.Cys127Arg","Pathogenic","VALIDATED","Toplak N et al   Publication (Medline Abstract): http://www.ncbi.nlm.nih.gov/pubmed/22377804"
"p.Cys127Tyr","Pathogenic","VALIDATED","Weyhreter H et al   Publication (Medline Abstract): http://www.ncbi.nlm.nih.gov/pubmed/12584543"
"p.Asn130Lys","Likely pathogenic","PROVISIONAL","Nakamura M   Publication (Medline Abstract): http://www.ncbi.nlm.nih.gov/pubmed/19673872"
"p.Arg133Trp","Likely pathogenic","VALIDATED","Wong KKY et al   Publication (Medline Abstract): http://www.ncbi.nlm.nih.gov/pubmed/25744939"
"p.Arg133Gln","Uncertain significance (VOUS)","VALIDATED","Horiuchi T et al.   Publication (Medline Abstract): http://www.ncbi.nlm.nih.gov/pubmed/15492850"
"p.His134Pro","Uncertain significance (VOUS)","PROVISIONAL","Wendling D et al   Congress abstract:FMF2005, Bethesda, USA, November 2005"
"p.Tyr135Cys","Likely pathogenic","PROVISIONAL","Launay D  Dumont B  Barat-Houary M  Touitou I   Personal communication"
"p.Glu138Ala","Likely benign","PROVISIONAL","Rowczenio DM  Russell TL  Lachmann HJ  Hawkins PN    Personal communication"
"p.Phe141Ile","Pathogenic","VALIDATED","Nevala H et al   Publication (Medline Abstract): http://www.ncbi.nlm.nih.gov/pubmed/11953985"
"p.Phe141Leu","Likely pathogenic","VALIDATED","Jesus AA et al   Publication (Medline Abstract): http://www.ncbi.nlm.nih.gov/pubmed/22566169"
"p.Phe141Cys","Likely pathogenic","VALIDATED","Obici L  Trevisson E  Zulian F   Personal communication"
"p.Phe141Ser","Likely pathogenic","VALIDATED","Aksentijevich I.   Personal communication"
"p.Cys143Arg","Likely pathogenic","VALIDATED","M.E. van Gijn   Personal communication"
"p.Cys143Trp","Likely pathogenic","VALIDATED","Obici L  Donadei S  Merlini G   Personal communication"
"p.Asn145Ser","Uncertain significance (VOUS)","VALIDATED","van Gijn  ME   Personal communication"
"p.His155Tyr","Not classified","","Sergio Burillo-Sanz  Marco-Antonio Montes-Cano  José-Raúl García-Lozano and María Francisca González-Escribano et al.   Publication (Medline Abstract): https://www.ncbi.nlm.nih.gov/pubmed/28814775"
"p.Ile199Asn","Likely pathogenic","VALIDATED","Kriegel MA  et al. Arthritis Rheum. 2003 Aug 48(8):2386-8   Publication (Medline Abstract): https://www.ncbi.nlm.nih.gov/pubmed/12905494"
"p.Ile199Thr","Not classified","","Sergio Burillo-Sanz  Marco-Antonio Montes-Cano  José-Raúl García-Lozano  María Francisca González-Escribano   Publication (Medline Abstract): https://www.ncbi.nlm.nih.gov/pubmed/28814775"
"p.Val202Asp","Likely pathogenic","PROVISIONAL","Stojanov S  Dejaco C  Lohse P  Huss K  Duftner C  Belohradsky B  Herold M  Schirmer M    Publication (Medline Abstract): http://www.ncbi.nlm.nih.gov/pubmed/18180277"
"p.Ser226Cys","Uncertain significance (VOUS)","VALIDATED","Erken E  Dinkci S  Eroglu A  Yildiz F   Personal communication"
"p.Arg312Lys","Not classified","","Sergio Burillo-Sanz  Marco-Antonio Montes-Cano  José-Raúl García-Lozano  María Francisca González-Escribano   Publication (Medline Abstract): https://www.ncbi.nlm.nih.gov/pubmed/28814775"
